<?xml version="1.0" encoding="utf-8" ?>
<!--
  Copyright 2010-2021 Akretion France (http://www.akretion.com/)
  @author: Alexis de Lattre <alexis.delattre@akretion.com>
  License AGPL-3.0 or later (http://www.gnu.org/licenses/agpl).
-->
<odoo noupdate="1">


<record id="demo_ast_server" model="asterisk.server">
    <field name="name">My Asterisk</field>
    <field name="ip_address">localhost</field>
    <field name="login">odoo</field>
    <field name="password">mypassword</field>
    <field name="context">from-internal</field>
    <field name="alert_info">info=&lt;Bellcore-dr5&gt;</field>
    <field name="company_id" ref="base.main_company" />
</record>

<record id="base.user_admin" model="res.users">
    <field name="internal_number">11</field>
    <field name="resource">11</field>
    <field name="callerid">Administrator &lt;0141981242&gt;</field>
    <field name="asterisk_server_id" ref="demo_ast_server" />
</record>

<record id="base.user_demo" model="res.users">
    <field name="internal_number">12</field>
    <field name="resource">12</field>
    <field name="callerid">Demo user &lt;0141984212&gt;</field>
    <field name="asterisk_server_id" ref="demo_ast_server" />
</record>


</odoo>
